,Bangalore (n=264),Hyderabad (n=124),Mumbai (n=101),Gurgaon (n=92),Pune (n=89),Remote (n=72),Delhi-NCR (n=71),Chennai (n=56)
SQL,25.4,16.9,35.6,25.0,19.1,20.8,32.4,30.4
Python,14.0,10.5,15.8,19.6,10.1,9.7,9.9,5.4
Excel,12.5,16.9,12.9,10.9,7.9,15.3,18.3,16.1
Power_BI,8.7,8.9,8.9,7.6,9.0,4.2,18.3,5.4
Tableau,5.7,4.0,6.9,6.5,2.2,9.7,7.0,7.1
R_programming,0.0,0.0,0.0,0.0,0.0,0.0,0.0,0.0
Data_Analysis,42.0,43.5,48.5,46.7,38.2,44.4,40.8,35.7
Data_Visualization,4.9,5.6,14.9,9.8,10.1,8.3,8.5,5.4
Statistics,2.7,1.6,2.0,4.3,3.4,1.4,2.8,1.8
Machine_Learning,15.2,12.1,15.8,22.8,14.6,15.3,12.7,8.9
Data_Modeling,5.7,8.9,11.9,6.5,9.0,9.7,5.6,10.7
SAS,4.2,1.6,2.0,6.5,7.9,5.6,11.3,3.6
VBA,0.4,0.8,1.0,1.1,0.0,0.0,0.0,0.0
Data_Management,9.8,12.9,10.9,6.5,16.9,11.1,12.7,14.3
Analytics,33.0,30.6,29.7,32.6,24.7,36.1,15.5,30.4
Data_Cleaning,0.8,0.0,0.0,1.1,1.1,0.0,0.0,0.0
Reporting,4.2,6.5,3.0,6.5,7.9,11.1,5.6,3.6
Dashboard,0.4,0.0,0.0,1.1,0.0,0.0,2.8,0.0
ETL,2.3,0.0,1.0,0.0,0.0,2.8,0.0,0.0
Data_Warehousing,4.2,0.8,3.0,4.3,1.1,2.8,4.2,3.6
