,Data_Analyst_%,Data_Scientist_%,Difference
Machine_Learning,13.8,26.7,12.9
Analytics,29.4,32.8,3.4
Python,12.3,15.2,2.9
Data_Modeling,7.3,9.0,1.7
Data_Warehousing,3.0,3.5,0.5
Statistics,2.3,2.8,0.5
ETL,1.2,1.6,0.4
Dashboard,0.5,0.6,0.1
R_programming,0.0,0.1,0.1
SQL,25.2,25.1,-0.1
VBA,0.6,0.4,-0.2
Data_Cleaning,0.4,0.2,-0.2
SAS,5.3,5.0,-0.3
Data_Visualization,7.7,6.9,-0.8
Data_Management,12.4,10.2,-2.2
Power_BI,8.8,6.6,-2.2
Tableau,6.4,4.2,-2.2
Reporting,5.8,3.2,-2.6
Excel,13.5,7.0,-6.5
Data_Analysis,44.0,29.3,-14.7
